Model Name,Model Description,Average Length,Miss,Miss Rate,Coverage Rate
Decision Tree,Depth = 30,1.0435600000000003,217.72,0.25190399999999996,0.748096
Logistic Regression,Top Features Chosen by RandomForest,2.7819079999999996,74.88,0.09564399999999998,0.9043559999999999
Random Forest,"Depth = 40, Min Splits = 5 ",1.7955800000000002,57.28,0.06882,0.9311799999999999
