Model Name,Model Description,Class,Average Length,Miss,Miss Rate,Coverage Rate
SVM,rbf,41,1.31376,293.2,0.36419999999999997,0.6358
SVM,rbf,48,1.3340200000000002,332.2,0.42279999999999995,0.5772
SVM,rbf,64,1.11116,82.0,0.11035999999999999,0.88964
SVM,rbf,65,1.05366,33.4,0.048260000000000004,0.95174
SVM,rbf,91,1.2679399999999998,242.2,0.21549999999999997,0.7845000000000001
