Model Name,Model Description,Class,Average Length,Miss,Miss Rate,Coverage Rate
SVM,rbf,41,2.29882,150.0,0.18634,0.8136599999999999
SVM,rbf,48,2.3391,106.2,0.13520000000000001,0.8648
SVM,rbf,64,1.5421400000000003,54.0,0.07274,0.9272600000000001
SVM,rbf,65,1.25688,17.4,0.02522,0.97478
SVM,rbf,91,2.2531,38.4,0.0342,0.9658
